citekey,title,year,journal,doi,source_url,pubmed_url,review_url
Allar_2022_Lost_translation,Lost in translation: A qualitative analysis of facilitators and barriers to collecting patient reported outcome measures for surgical patients with limited English proficiency,2022,The American Journal of Surgery,10.1016/j.amjsurg.2022.03.005,https://doi.org/10.1016/j.amjsurg.2022.03.005,https://pubmed.ncbi.nlm.nih.gov/35339269/,https://SITE_BASE/review/accuracy/%40Allar_2022_Lost_translation
Chen_2017_Machine_Human,Machine or Human? Evaluating the Quality of a Language Translation Mobile App for Diabetes Education Material,2017,JMIR Diabetes,10.2196/diabetes.7446,https://doi.org/10.2196/diabetes.7446,https://pubmed.ncbi.nlm.nih.gov/30291084/,https://SITE_BASE/review/accuracy/%40Chen_2017_Machine_Human
Colina_2022_Research_Documents,Research Documents for Populations with Limited English Proficiency: Translation Approaches Matter,2022,Ethics Hum Res,10.1002/eahr.500115,https://doi.org/10.1002/eahr.500115,https://pubmed.ncbi.nlm.nih.gov/34936237/,https://SITE_BASE/review/accuracy/%40Colina_2022_Research_Documents
Das_2019_Dangers_Machine,Dangers of Machine Translation: The Need for Professionally Translated Anticipatory Guidance Resources for Limited English Proficiency Caregivers,2019,Clinical Pediatrics,10.1177/0009922818809494,https://doi.org/10.1177/0009922818809494,https://pubmed.ncbi.nlm.nih.gov/30392383/,https://SITE_BASE/review/accuracy/%40Das_2019_Dangers_Machine
Davis_2019_Translating_Discharge,Translating Discharge Instructions for Limited English-Proficient Families: Strategies and Barriers,2019,Hospital Pediatrics,10.1542/hpeds.2019-0055,https://doi.org/10.1542/hpeds.2019-0055,https://pubmed.ncbi.nlm.nih.gov/31562199/,https://SITE_BASE/review/accuracy/%40Davis_2019_Translating_Discharge
Hibbs_2026_Translation_Approaches,Translation approaches to support systemic anti-cancer therapy consent for individuals with limited English proficiency.,2026,Supportive care in cancer : official journal of the Multinational Association of Supportive Care in Cancer,10.1007/s00520-026-10464-w,https://doi.org/10.1007/s00520-026-10464-w,https://pubmed.ncbi.nlm.nih.gov/41824083/,https://SITE_BASE/review/accuracy/%40Hibbs_2026_Translation_Approaches
Hwang_2022_Testing_use,Testing the use of translation apps to overcome everyday healthcare communication in Australian aged-care hospital wards-An exploratory study,2022,Nursing Open,10.1002/nop2.1099,https://doi.org/10.1002/nop2.1099,https://pubmed.ncbi.nlm.nih.gov/34704379/,https://SITE_BASE/review/accuracy/%40Hwang_2022_Testing_use
J_2025_Pilot_study,Pilot study of provider adherence to language services for surgical patients with limited English proficiency,2025,American journal of surgery,10.1016/j.amjsurg.2025.116473,https://doi.org/10.1016/j.amjsurg.2025.116473,https://pubmed.ncbi.nlm.nih.gov/40554129/,https://SITE_BASE/review/accuracy/%40J_2025_Pilot_study
Joshua_2023_Multilingual_Chatbot,A Multilingual Chatbot Can Effectively Engage Arthroplasty Patients Who Have Limited English Proficiency,2023,Journal of Arthroplasty,10.1016/j.arth.2023.04.014,https://doi.org/10.1016/j.arth.2023.04.014,https://pubmed.ncbi.nlm.nih.gov/37068567/,https://SITE_BASE/review/accuracy/%40Joshua_2023_Multilingual_Chatbot
Kapoor_2022_Use_Neural,Use of Neural Machine Translation Software for Patients With Limited English Proficiency to Assess Postoperative Pain and Nausea,2022,JAMA,10.1001/jamanetworkopen.2022.1485,https://doi.org/10.1001/jamanetworkopen.2022.1485,https://pubmed.ncbi.nlm.nih.gov/35258580/,https://SITE_BASE/review/accuracy/%40Kapoor_2022_Use_Neural
Karen_2024_Impact_Using,The Impact of Using Electronic Consents on Documentation of Language-Concordant Surgical Consent for Patients with Limited English Proficiency,2024,The Joint Commission Journal on Quality and Patient Safety,10.1016/j.jcjq.2024.03.005,https://doi.org/10.1016/j.jcjq.2024.03.005,https://pubmed.ncbi.nlm.nih.gov/38565472/,https://SITE_BASE/review/accuracy/%40Karen_2024_Impact_Using
Khanna_2011_Performance_online,Performance of an online translation tool when applied to patient educational material,2011,Journal of Hospital Medicine,10.1002/jhm.898,https://doi.org/10.1002/jhm.898,https://pubmed.ncbi.nlm.nih.gov/22034196/,https://SITE_BASE/review/accuracy/%40Khanna_2011_Performance_online
Kristen_2023_Optimizing_usability,Optimizing usability of a mobile health intervention for Spanish-speaking Latinx people with HIV through user-centered design: a post-implementation study,2023,JSMIA Open,10.1093/jamiaopen/ooad083,https://doi.org/10.1093/jamiaopen/ooad083,https://pubmed.ncbi.nlm.nih.gov/37732327/,https://SITE_BASE/review/accuracy/%40Kristen_2023_Optimizing_usability
Linda_2023_Improving_Communication,Improving Communication for Surgical Patients With Cancer With Limited English Proficiency,2023,Clinical Journal of Oncology Nursing,10.1188/23.cjon.359-363,https://doi.org/10.1188/23.cjon.359-363,https://pubmed.ncbi.nlm.nih.gov/37677773/,https://SITE_BASE/review/accuracy/%40Linda_2023_Improving_Communication
Narang_2019_Use_Mobile,The Use of a Mobile Application to Increase Access to Interpreters for Cancer Patients With Limited English Proficiency: A Pilot Study,2019,Med Care,10.1097/mlr.0000000000001035,https://doi.org/10.1097/mlr.0000000000001035,https://pubmed.ncbi.nlm.nih.gov/31095059/,https://SITE_BASE/review/accuracy/%40Narang_2019_Use_Mobile
Panayiotou_2020_perceptions_translation,The perceptions of translation apps for everyday health care in healthcare workers and older people: A multi-method study,2020,Journal of Clinical Nursing,10.1111/jocn.15390,https://doi.org/10.1111/jocn.15390,https://pubmed.ncbi.nlm.nih.gov/32558965/,https://SITE_BASE/review/accuracy/%40Panayiotou_2020_perceptions_translation
Rishivardhan_2024_Voice-Enabled_Response,Voice-Enabled Response Analysis Agent (VERAA): Leveraging Large Language Models to Map Voice Responses in SDoH Survey,2024,AMIA Joint Summits on Translational Science,,https://pubmed.ncbi.nlm.nih.gov/38827075/,https://pubmed.ncbi.nlm.nih.gov/38827075/,https://SITE_BASE/review/accuracy/%40Rishivardhan_2024_Voice-Enabled_Response
Soller_2012_Performance_new,Performance of a new speech translation device in translating verbal recommendations of medication action plans for patients with diabetes,2012,Journal of Diabetes Science and Technology,10.1177/193229681200600426,https://doi.org/10.1177/193229681200600426,https://pubmed.ncbi.nlm.nih.gov/22920821/,https://SITE_BASE/review/accuracy/%40Soller_2012_Performance_new
Turner_2014_comparison_human,"A comparison of human and machine translation of health promotion materials for public health practice: time, costs, and quality",2014,Journal of Public Health Management and Practice,10.1097/phh.0b013e3182a95c87,https://doi.org/10.1097/phh.0b013e3182a95c87,https://pubmed.ncbi.nlm.nih.gov/24084391/,https://SITE_BASE/review/accuracy/%40Turner_2014_comparison_human
Turner_2015_Machine_Translation,Machine Translation of Public Health Materials From English to Chinese: A Feasibility Study,2015,JMIR Public Health Surveill,10.2196/publichealth.4779,https://doi.org/10.2196/publichealth.4779,https://pubmed.ncbi.nlm.nih.gov/27227135/,https://SITE_BASE/review/accuracy/%40Turner_2015_Machine_Translation
Turner_2015_Modeling_workflow,Modeling workflow to design machine translation applications for public health practice,2015,Journal of Biomedical Informatics,10.1016/j.jbi.2014.10.005,https://doi.org/10.1016/j.jbi.2014.10.005,https://pubmed.ncbi.nlm.nih.gov/25445922/,https://SITE_BASE/review/accuracy/%40Turner_2015_Modeling_workflow
